cluster_kmeans,feature,count_non_null,mean,min,max,global_weighted_mean,difference_vs_global,ratio_vs_global
1,conafor_disponible,2215258,0.8406817625757361,0.0,1.0,0.842441081273179,-0.0017593186974428354,0.9979116418506278
1,conafor_event_count,1862327,0.014775600632971547,0.0,25.0,0.01392328899258405,0.0008523116403874962,1.061214820782752
1,conafor_event_count_log1p,1862327,0.009399269518701257,0.0,3.258096538021482,0.008727867263028223,0.0006714022556730346,1.0769262679460234
1,firms_count,2215258,0.47149722515390985,0.0,123.0,0.7438360778399495,-0.2723388526860397,0.6338724877705669
1,firms_count_log1p,2215258,0.15005144926499359,0.0,4.820281565605037,0.17240346954555935,-0.022352020280565765,0.8703505193979927
1,firms_day_count,2215258,0.3688893122155523,0.0,123.0,0.5313821556879678,-0.16249284347241544,0.6942071883049218
1,firms_frp_sum,2215258,6.256704036279296,0.0,8889.34,10.600440754222102,-4.343736717942806,0.5902305556292348
1,firms_frp_sum_log1p,2215258,0.3397942918935775,0.0,9.092720572995969,0.37717385933299435,-0.03737956743941684,0.9008956572294803
1,firms_night_count,2215258,0.10260791293835751,0.0,105.0,0.21245392215198175,-0.10984600921362424,0.48296549152411306
1,has_conafor,2215258,0.010303088850147477,0.0,1.0,0.009467805954355755,0.0008352828957917217,1.0882234912522095
1,has_firms,2215258,0.11781787945241592,0.0,1.0,0.12706301946142182,-0.009245140009005892,0.9272397268049115
1,has_smn,2215258,0.9597812083287816,0.0,1.0,0.9571905559339374,0.0025906523948441285,1.0027065168777354
1,inegi_edafologia_area_total_km2,2215258,820.6063603266979,7.084583832778071,10078.44597542956,1261.7126932802225,-441.10633295352466,0.6503908256587886
1,inegi_edafologia_dominante_area_km2,2215258,299.1184794590509,4.105562648610081,4561.89484697411,415.37643351227257,-116.25795405322168,0.7201142273041671
1,inegi_edafologia_dominante_prop_area,2215258,0.39682121701795176,0.1195203866060718,1.0000007569107612,0.4196340979664307,-0.022812880948478942,0.9456362553495262
1,inegi_edafologia_n_clases,2215258,10.339991098102344,1.0,29.0,10.545516177239092,-0.20552507913674845,0.9805106667438107
1,inegi_fisiografia_area_total_km2,2215258,820.6033526977106,7.084615746437866,10078.265680719674,1261.5862102264923,-440.98285752878166,0.650453647991593
1,inegi_fisiografia_dominante_area_km2,2215258,772.8102470537867,7.084615746437866,9534.645697674034,1144.8725655343985,-372.0623184806118,0.6750185743974552
1,inegi_fisiografia_dominante_prop_area,2215258,0.9423775910341063,0.4239388609515003,1.0000000000000078,0.9303654993060572,0.012012091728049179,1.0129111534520667
1,inegi_fisiografia_n_clases,2215258,1.563008010805062,1.0,4.0,1.5616220083858836,0.0013860024191783005,1.0008875402701394
1,inegi_hidrografia_longitud_km_por_km2,2183335,0.39698686349434625,0.0006855845900188,1.3124694110329382,0.38939396635354107,0.007592897140805188,1.0194992675718848
1,inegi_hidrografia_longitud_total_km,2183335,307.29276296906824,0.2453755691671779,3972.034530742572,425.5942270541944,-118.30146408512616,0.7220322632100414
1,inegi_hidrografia_n_segmentos_intersectados,2183335,74.66109598389619,1.0,861.0,91.29765935408066,-16.636563370184476,0.8177766715172542
1,inegi_hidrografia_tipo_dominante_longitud_km,2183335,297.9704715964904,0.2453755691671779,3687.469155480976,413.0553851451067,-115.08491354861627,0.7213813989903876
1,inegi_uso_suelo_vegetacion_area_total_km2,2215258,820.5961132325178,7.084567628096214,10074.485496815923,1261.6599455087592,-441.0638322762413,0.6504098954347131
1,inegi_uso_suelo_vegetacion_dominante_area_km2,2215258,264.90345710901255,2.415506707707564,3826.8391031210153,465.54687844225043,-200.64342133323788,0.5690156445584952
1,inegi_uso_suelo_vegetacion_dominante_prop_area,2215258,0.3451440400533473,0.1011983614898159,0.98590410739748,0.3915012118726224,-0.04635717181927507,0.881591243108699
1,inegi_uso_suelo_vegetacion_n_clases,2215258,16.279826548420093,2.0,45.0,15.86273590957181,0.4170906388482827,1.026293739064054
1,municipio_area_km2,2215258,820.6063995091469,7.084615746437865,10078.266923361776,1261.7127871161167,-441.10638760696986,0.650390808342997
1,smn_amplitud_termica_c,2060790,15.385051302713952,0.0999999999999978,49.0,15.13459847457258,0.2504528281413716,1.0165483629157492
1,smn_evap_mm_mean,1467186,4.859917586838432,0.0,41.08,4.6980447030264925,0.16187288381193987,1.0344553732551036
1,smn_precip_mm_mean,2117159,4.125967084967728,0.0,770.0,2.676040863138576,1.449926221829152,1.5418176687065295
1,smn_temp_media_c,2060790,21.076294048285835,-3.5,49.0,20.92318031439924,0.15311373388659533,1.007317899649377
1,smn_tmax_c_mean,2060790,28.768819699642812,-2.0,55.0,28.490479551685524,0.27834014795728734,1.0097695845186578
1,smn_tmin_c_mean,2060790,13.383768396928861,-16.5,43.0,13.355881077112953,0.02788731981590864,1.0020880179791132
2,conafor_disponible,2143076,0.8397872963907953,0.0,1.0,0.842441081273179,-0.0026537848823836585,0.9968498866670022
2,conafor_event_count,1799728,0.01269191788981446,0.0,18.0,0.01392328899258405,-0.00123137110276959,0.9115603286389118
2,conafor_event_count_log1p,1799728,0.008156365108087637,0.0,2.9444389791664403,0.008727867263028223,-0.0005715021549405862,0.934519838842932
2,firms_count,2143076,0.48704665630150307,0.0,123.0,0.7438360778399495,-0.25678942153844647,0.6547768665857862
2,firms_count_log1p,2143076,0.14862012610302108,0.0,4.820281565605037,0.17240346954555935,-0.02378334344253827,0.8620483479524564
2,firms_day_count,2143076,0.3722569801537603,0.0,118.0,0.5313821556879678,-0.15912517553420746,0.7005447513979992
2,firms_frp_sum,2143076,6.308121937812749,0.0,7597.2,10.600440754222102,-4.292318816409353,0.5950810993684631
2,firms_frp_sum_log1p,2143076,0.3345658424947657,0.0,8.935666656117638,0.37717385933299435,-0.04260801683822868,0.8870334839387385
2,firms_night_count,2143076,0.11478967614774278,0.0,72.0,0.21245392215198175,-0.09766424600423897,0.5403038691167418
2,has_conafor,2143076,0.009021145307025975,0.0,1.0,0.009467805954355755,-0.0004466606473297798,0.9528232148521919
2,has_firms,2143076,0.11638784625463586,0.0,1.0,0.12706301946142182,-0.01067517320678596,0.9159852075605122
2,has_smn,2143076,0.9591521719248407,0.0,1.0,0.9571905559339374,0.001961615990903276,1.0020493474144125
2,inegi_edafologia_area_total_km2,2143076,802.027393166935,7.081354952036468,8542.603767007007,1261.7126932802225,-459.68530011328755,0.6356656292977526
2,inegi_edafologia_dominante_area_km2,2143076,304.464805462594,3.3987620286674,3605.7358806602574,415.37643351227257,-110.9116280496786,0.7329852656496421
2,inegi_edafologia_dominante_prop_area,2143076,0.4097848233053402,0.1195203866060718,1.0000007569107612,0.4196340979664307,-0.009849274661090479,0.9765288981309656
2,inegi_edafologia_n_clases,2143076,10.132175433815693,1.0,32.0,10.545516177239092,-0.4133407434233991,0.9608041240963119
2,inegi_fisiografia_area_total_km2,2143076,802.025478091996,7.081354952036468,8542.602783079086,1261.5862102264923,-459.56073213449633,0.6357278413403143
2,inegi_fisiografia_dominante_area_km2,2143076,755.1295235151902,7.081354952036468,7734.005066645594,1144.8725655343985,-389.74304201920836,0.6595751756552173
2,inegi_fisiografia_dominante_prop_area,2143076,0.9439449874034634,0.4239388609515003,1.0000000000000078,0.9303654993060572,0.013579488097406278,1.014595863784217
2,inegi_fisiografia_n_clases,2143076,1.5259127534441148,1.0,4.0,1.5616220083858836,-0.0357092549417688,0.9771332276632817
2,inegi_hidrografia_longitud_km_por_km2,2103996,0.3935107282563518,0.0006855845900188,1.1857579544554084,0.38939396635354107,0.004116761902810739,1.0105722282791434
2,inegi_hidrografia_longitud_total_km,2103996,301.43159884132166,0.0490258107825722,2664.043813853601,425.5942270541944,-124.16262821287273,0.7082605441519251
2,inegi_hidrografia_n_segmentos_intersectados,2103996,73.54903573961167,1.0,596.0,91.29765935408066,-17.748623614468997,0.805596071793754
2,inegi_hidrografia_tipo_dominante_longitud_km,2103996,292.2140781744278,0.0490258107825722,2551.285360638463,413.0553851451067,-120.84130697067889,0.7074452692870056
2,inegi_uso_suelo_vegetacion_area_total_km2,2143076,802.0190105245607,7.081342056930831,8542.604051452423,1261.6599455087592,-459.64093498419845,0.6356855612160611
2,inegi_uso_suelo_vegetacion_dominante_area_km2,2143076,258.88276305190504,2.7599234480010653,3764.78346305414,465.54687844225043,-206.6641153903454,0.5560831251154412
2,inegi_uso_suelo_vegetacion_dominante_prop_area,2143076,0.3482210584666112,0.1011983614898159,0.9175410228485882,0.3915012118726224,-0.04328015340601116,0.8894507804995182
2,inegi_uso_suelo_vegetacion_n_clases,2143076,15.923359227577556,2.0,45.0,15.86273590957181,0.06062331800574583,1.0038217441399353
2,municipio_area_km2,2143076,802.0273847146192,7.08135495203647,8542.602777291839,1261.7127871161167,-459.6854024014975,0.6356655753230531
2,smn_amplitud_termica_c,1999389,15.767945163464233,0.0999999999999978,52.0,15.13459847457258,0.6333466888916526,1.0418476043454823
2,smn_evap_mm_mean,1413272,4.80168035640914,0.01,39.95,4.6980447030264925,0.10363565338264724,1.0220593161482445
2,smn_precip_mm_mean,2046317,1.8593602236014823,0.0,103.0,2.676040863138576,-0.8166806395370938,0.6948175751773628
2,smn_temp_media_c,1999389,21.244452101054247,-13.0,48.0,20.92318031439924,0.3212717866550072,1.0153548256922447
2,smn_tmax_c_mean,1999389,29.128424682786363,-7.0,55.0,28.490479551685524,0.6379451311008388,1.0223915195931863
2,smn_tmin_c_mean,1999389,13.360479519322126,-19.0,42.0,13.355881077112953,0.004598442209173825,1.00034430092501
3,conafor_disponible,1779448,0.845046328973929,0.0,1.0,0.842441081273179,0.002605247700749991,1.0030924984057197
3,conafor_event_count,1503716,0.011528107701188256,0.0,11.0,0.01392328899258405,-0.0023951812913957943,0.8279730247162479
3,conafor_event_count_log1p,1503716,0.00736766312288085,0.0,2.4849066497880004,0.008727867263028223,-0.0013602041401473731,0.8441538924509908
3,firms_count,1779448,0.6072815839518773,0.0,199.0,0.7438360778399495,-0.13655449388807228,0.8164185659229956
3,firms_count_log1p,1779448,0.1696238336731281,0.0,5.298317366548036,0.17240346954555935,-0.002779635872431241,0.9838771465576759
3,firms_day_count,1779448,0.4373142682449838,0.0,198.0,0.5313821556879678,-0.09406788744298394,0.8229750727681164
3,firms_frp_sum,1779448,8.785223619909097,0.0,10878.9,10.600440754222102,-1.8152171343130057,0.8287602207870447
3,firms_frp_sum_log1p,1779448,0.3747167201744059,0.0,9.294672329191224,0.37717385933299435,-0.0024571391585884728,0.9934853938103405
3,firms_night_count,1779448,0.16996731570689338,0.0,90.0,0.21245392215198175,-0.042486606445088365,0.8000196653715105
3,has_conafor,1779448,0.00812330565433775,0.0,1.0,0.009467805954355755,-0.0013445003000180054,0.8579924106493273
3,has_firms,1779448,0.12870676749194132,0.0,1.0,0.12706301946142182,0.001643748030519504,1.0129364785874506
3,has_smn,1779448,0.9359632874914018,0.0,1.0,0.9571905559339374,-0.02122726844253564,0.9778233620140306
3,inegi_edafologia_area_total_km2,1779448,574.3660712507195,2.214071327475455,9925.17994009239,1261.7126932802225,-687.346622029503,0.4552273067472062
3,inegi_edafologia_dominante_area_km2,1779448,241.8008831245893,1.8371626125376013,3605.7358806602574,415.37643351227257,-173.57555038768328,0.5821247033203321
3,inegi_edafologia_dominante_prop_area,1779448,0.4974796367688593,0.127850618458563,1.0000000000577025,0.4196340979664307,0.07784553880242862,1.1855081347766359
3,inegi_edafologia_n_clases,1779448,7.418324671471153,1.0,25.0,10.545516177239092,-3.1271915057679394,0.7034577110111014
3,inegi_fisiografia_area_total_km2,1779448,574.3662391774343,2.214071327347698,9925.59736654154,1261.5862102264923,-687.219971049058,0.45527307965289066
3,inegi_fisiografia_dominante_area_km2,1779448,566.0217332225164,2.214071327347698,8888.924607304245,1144.8725655343985,-578.8508323118821,0.49439714974592947
3,inegi_fisiografia_dominante_prop_area,1779448,0.9843971674953476,0.5031230020921137,1.0000000000000078,0.9303654993060572,0.054031668189290394,1.0580757435971042
3,inegi_fisiografia_n_clases,1779448,1.219112331464589,1.0,4.0,1.5616220083858836,-0.3425096769212945,0.7806705623499007
3,inegi_hidrografia_longitud_km_por_km2,1471121,0.3928745300603082,0.0006855845900188,1.371048626350985,0.38939396635354107,0.003480563706767137,1.0089384120133158
3,inegi_hidrografia_longitud_total_km,1471121,160.5029831049108,0.2032672569840169,2551.285360638463,425.5942270541944,-265.0912439492836,0.3771267862721095
3,inegi_hidrografia_n_segmentos_intersectados,1471121,39.65349077336263,1.0,596.0,91.29765935408066,-51.64416858071804,0.4343319538957081
3,inegi_hidrografia_tipo_dominante_longitud_km,1471121,152.58894824965446,0.2032672569840169,2551.285360638463,413.0553851451067,-260.46643689545226,0.36941522550553324
3,inegi_uso_suelo_vegetacion_area_total_km2,1779448,574.3564872155376,2.214064937354421,9903.10375667146,1261.6599455087592,-687.3034582932215,0.45523874262642994
3,inegi_uso_suelo_vegetacion_dominante_area_km2,1779448,270.4969226169849,1.393211440194955,5320.619361994662,465.54687844225043,-195.04995582526556,0.5810304722095546
3,inegi_uso_suelo_vegetacion_dominante_prop_area,1779448,0.5459811393544607,0.1345124141925469,1.0000000000000002,0.3915012118726224,0.1544799274818383,1.3945835231082233
3,inegi_uso_suelo_vegetacion_n_clases,1779448,11.092234220949418,1.0,39.0,15.86273590957181,-4.770501688622392,0.6992636254037489
3,municipio_area_km2,1779448,574.3662381123866,2.214071327347698,9925.59738307206,1261.7127871161167,-687.3465490037302,0.45522740514123605
3,smn_amplitud_termica_c,1603630,14.45323787408905,0.1000000000000014,43.0,15.13459847457258,-0.6813606004835311,0.9549799354354676
3,smn_evap_mm_mean,1096979,3.742644808368087,0.0,17.2,4.6980447030264925,-0.9553998946584055,0.796638824223419
3,smn_precip_mm_mean,1656545,2.707119710255945,0.0,136.4,2.676040863138576,0.03107884711736908,1.01161374160816
3,smn_temp_media_c,1603630,20.047930608376195,-12.5,39.0,20.92318031439924,-0.8752497060230446,0.9581684192904125
3,smn_tmax_c_mean,1603630,27.274549545420733,-3.0,50.0,28.490479551685524,-1.2159300062647915,0.9573215324768777
3,smn_tmin_c_mean,1603630,12.821311671331669,-22.0,38.0,13.355881077112953,-0.5345694057812835,0.9599749801084004
4,conafor_disponible,1514204,0.8417881606441404,0.0,1.0,0.842441081273179,-0.0006529206290385448,0.9992249658242547
4,conafor_event_count,1274639,0.01007500947327047,0.0,13.0,0.01392328899258405,-0.0038482795193135796,0.7236084432806583
4,conafor_event_count_log1p,1274639,0.006453371721774951,0.0,2.6390573296152584,0.008727867263028223,-0.002274495541253272,0.7393984724208429
4,firms_count,1514204,0.249385155500844,0.0,127.0,0.7438360778399495,-0.49445092233910554,0.335268969777645
4,firms_count_log1p,1514204,0.0939009364498384,0.0,4.852030263919617,0.17240346954555935,-0.07850253309572094,0.5446580437003569
4,firms_day_count,1514204,0.19734395101320562,0.0,118.0,0.5313821556879678,-0.33403820467476214,0.3713785811224864
4,firms_frp_sum,1514204,3.596792024060167,0.0,14701.8,10.600440754222102,-7.0036487301619355,0.33930589373159625
4,firms_frp_sum_log1p,1514204,0.22038067373532674,0.0,9.595793230819018,0.37717385933299435,-0.1567931855976676,0.5842946648663685
4,firms_night_count,1514204,0.05204120448763839,0.0,78.0,0.21245392215198175,-0.16041271766434337,0.2449529006596076
4,has_conafor,1514204,0.007178689265118835,0.0,1.0,0.009467805954355755,-0.00228911668923692,0.7582209964723886
4,has_firms,1514204,0.08228944052452641,0.0,1.0,0.12706301946142182,-0.0447735789368954,0.647626987563527
4,has_smn,1514204,0.9615923613991245,0.0,1.0,0.9571905559339374,0.004401805465187092,1.0045986720594962
4,inegi_edafologia_area_total_km2,1514204,358.5914217974848,3.02610440938447,9925.17994009239,1261.7126932802225,-903.1212714827377,0.284210045367153
4,inegi_edafologia_dominante_area_km2,1514204,182.404802395281,2.4369306691814265,2767.963130073855,415.37643351227257,-232.97163111699157,0.4391313220466845
4,inegi_edafologia_dominante_prop_area,1514204,0.56214251894332,0.1195203866060718,1.0000009723728474,0.4196340979664307,0.14250842097688932,1.3396016235751402
4,inegi_edafologia_n_clases,1514204,6.879303581287594,1.0,29.0,10.545516177239092,-3.6662125959514977,0.6523439408433638
4,inegi_fisiografia_area_total_km2,1514204,358.5914474736376,3.026104446613218,9925.59736654154,1261.5862102264923,-902.9947627528547,0.28423855981214297
4,inegi_fisiografia_dominante_area_km2,1514204,354.12116649046357,3.026104446613218,9475.680921630295,1144.8725655343985,-790.751399043935,0.30931055311397776
4,inegi_fisiografia_dominante_prop_area,1514204,0.988583320333685,0.4886672109419816,1.0000000000000078,0.9303654993060572,0.05821782102762785,1.062575214870985
4,inegi_fisiografia_n_clases,1514204,1.163369664853613,1.0,4.0,1.5616220083858836,-0.3982523435322707,0.7449751979713001
4,inegi_hidrografia_longitud_km_por_km2,1393925,0.44866793016082573,0.0006855845900188,1.371048626350985,0.38939396635354107,0.05927396380728467,1.1522210638299113
4,inegi_hidrografia_longitud_total_km,1393925,150.40152734756154,0.0490258107825722,5362.720561505833,425.5942270541944,-275.1926997066329,0.3533918408353074
4,inegi_hidrografia_n_segmentos_intersectados,1393925,43.310219703355635,1.0,1535.0,91.29765935408066,-47.98743965072503,0.4743847762338042
4,inegi_hidrografia_tipo_dominante_longitud_km,1393925,145.94145592959893,0.0490258107825722,5053.011145332306,413.0553851451067,-267.11392921550777,0.35332176066008575
4,inegi_uso_suelo_vegetacion_area_total_km2,1514204,358.590264204321,3.0261044048592485,9903.10375667146,1261.6599455087592,-903.0696813044382,0.28422101017062956
4,inegi_uso_suelo_vegetacion_dominante_area_km2,1514204,133.96432364547456,1.5440425709515333,4235.803067581611,465.54687844225043,-331.58255479677587,0.2877568937713163
4,inegi_uso_suelo_vegetacion_dominante_prop_area,1514204,0.4031090596248967,0.1163702985385968,0.98590410739748,0.3915012118726224,0.011607847752274303,1.0296495831947794
4,inegi_uso_suelo_vegetacion_n_clases,1514204,11.955700817062958,2.0,40.0,15.86273590957181,-3.9070350925088526,0.7536972742418734
4,municipio_area_km2,1514204,358.59145070685315,3.02610444661322,9925.59738307206,1261.7127871161167,-903.1213364092636,0.28421004714272713
4,smn_amplitud_termica_c,1411265,13.991972810681672,0.0999999999999978,41.0,15.13459847457258,-1.1426256638909091,0.9245024130761964
4,smn_evap_mm_mean,962578,4.878753998319558,0.01,24.96,4.6980447030264925,0.18070929529306579,1.0384647883781635
4,smn_precip_mm_mean,1449305,2.8259241503467205,0.0,190.0,2.676040863138576,0.14988328720814437,1.0560093417379115
4,smn_temp_media_c,1411265,18.678901380465312,-13.5,38.25,20.92318031439924,-2.244278933933927,0.8927371986375597
4,smn_tmax_c_mean,1411265,25.674887785806146,-9.0,50.0,28.490479551685524,-2.815591765879379,0.9011742936523227
4,smn_tmin_c_mean,1411265,11.682914975124477,-22.0,35.0,13.355881077112953,-1.6729661019884752,0.8747393681982298
5,conafor_disponible,1410173,0.8433256061490327,0.0,1.0,0.842441081273179,0.000884524875853776,1.0010499545849747
5,conafor_event_count,1189235,0.011617552460195,0.0,10.0,0.01392328899258405,-0.0023057365323890504,0.8343971360777506
5,conafor_event_count_log1p,1189235,0.0075071472427554065,0.0,2.3978952727983707,0.008727867263028223,-0.0012207200202728162,0.860135359133627
5,firms_count,1410173,0.6636980001744467,0.0,171.0,0.7438360778399495,-0.08013807766550285,0.8922637929875377
5,firms_count_log1p,1410173,0.20646688783220676,0.0,5.147494476813453,0.17240346954555935,0.03406341828664741,1.197579656467678
5,firms_day_count,1410173,0.48342295590682843,0.0,138.0,0.5313821556879678,-0.04795919978113933,0.9097463110724
5,firms_frp_sum,1410173,8.388712902601313,0.0,7310.4,10.600440754222102,-2.2117278516207897,0.7913551046695988
5,firms_frp_sum_log1p,1410173,0.4553389099692395,0.0,8.897190052874356,0.37717385933299435,0.07816505063624513,1.2072387804777207
5,firms_night_count,1410173,0.18027504426761823,0.0,119.0,0.21245392215198175,-0.03217887788436352,0.8485371436854721
5,has_conafor,1410173,0.008347911922863365,0.0,1.0,0.009467805954355755,-0.00111989403149239,0.8817155699122485
5,has_firms,1410173,0.15761470401149363,0.0,1.0,0.12706301946142182,0.030551684550071817,1.2404451324985848
5,has_smn,1410173,0.961274255002755,0.0,1.0,0.9571905559339374,0.004083699068817559,1.0042663386548283
5,inegi_edafologia_area_total_km2,1410173,1456.5225629303736,11.16604132099301,11987.5951119173,1261.7126932802225,194.8098696501511,1.1544011332276296
5,inegi_edafologia_dominante_area_km2,1410173,408.05887362919634,6.543097507726586,3575.451561925437,415.37643351227257,-7.317559883076228,0.9823833051355331
5,inegi_edafologia_dominante_prop_area,1410173,0.3121699163548919,0.1195203866060718,0.93253067304822,0.4196340979664307,-0.10746418161153881,0.7439097963384863
5,inegi_edafologia_n_clases,1410173,14.255956538665822,2.0,32.0,10.545516177239092,3.7104403614267305,1.3518500468886632
5,inegi_fisiografia_area_total_km2,1410173,1455.5457903685224,11.166041265643864,11987.600221043203,1261.5862102264923,193.95958014203006,1.1537426285812118
5,inegi_fisiografia_dominante_area_km2,1410173,1088.8604770126897,8.791722225150833,10664.266558979138,1144.8725655343985,-56.01208852170885,0.9510757002937146
5,inegi_fisiografia_dominante_prop_area,1410173,0.7504851076238961,0.3276075890747186,1.0000000000000062,0.9303654993060572,-0.17988039168216108,0.806656210041827
5,inegi_fisiografia_n_clases,1410173,2.303643595502112,1.0,5.0,1.5616220083858836,0.7420215871162286,1.4751608155696996
5,inegi_hidrografia_longitud_km_por_km2,1410012,0.3595334073208704,0.038306059225755,0.7803105270879818,0.38939396635354107,-0.029860559032670653,0.9233153011786539
5,inegi_hidrografia_longitud_total_km,1410012,497.41203938492754,5.106938347720234,3734.653836830734,425.5942270541944,71.81781233073315,1.1687471487285659
5,inegi_hidrografia_n_segmentos_intersectados,1410012,108.0719022249456,2.0,632.0,91.29765935408066,16.77424287086494,1.18373135729372
5,inegi_hidrografia_tipo_dominante_longitud_km,1410012,479.64278936103307,5.106938347720234,3720.0788529479,413.0553851451067,66.58740421592637,1.1612069630626753
5,inegi_uso_suelo_vegetacion_area_total_km2,1410173,1456.476911289518,11.166041169819778,11987.59881999354,1261.6599455087592,194.8169657807589,1.1544132129059543
5,inegi_uso_suelo_vegetacion_dominante_area_km2,1410173,491.17812366202395,4.392242138508553,6489.67720376017,465.54687844225043,25.63124521977352,1.0550562068110891
5,inegi_uso_suelo_vegetacion_dominante_prop_area,1410173,0.33276841576010013,0.1011983614898159,0.7988866745835479,0.3915012118726224,-0.058732796112522245,0.8499805509372692
5,inegi_uso_suelo_vegetacion_n_clases,1410173,20.092287258371844,4.0,45.0,15.86273590957181,4.229551348800033,1.2666344174744697
5,municipio_area_km2,1410173,1456.5232913695818,11.166041301335664,11987.599910640038,1261.7127871161167,194.81050425346507,1.1544016247142437
5,smn_amplitud_termica_c,1326357,16.027671460571216,0.0999999999999978,54.0,15.13459847457258,0.8930729859986357,1.0590087003298485
5,smn_evap_mm_mean,999084,5.49316271494327,0.01,35.5,4.6980447030264925,0.7951180119167773,1.1692444542736173
5,smn_precip_mm_mean,1349489,1.8065424309576263,0.0,209.0,2.676040863138576,-0.8694984321809498,0.6750802858962458
5,smn_temp_media_c,1326357,23.005428375160328,-3.5,49.5,20.92318031439924,2.0822480607610885,1.0995187170149316
5,smn_tmax_c_mean,1326357,31.019264105445927,-0.3500000000000001,55.0,28.490479551685524,2.528784553760403,1.0887589325821228
5,smn_tmin_c_mean,1326357,14.991592644874729,-24.0,44.0,13.355881077112953,1.635711567761776,1.1224712587898662
6,conafor_disponible,691830,0.846479626497839,0.0,1.0,0.842441081273179,0.004038545224660073,1.0047938607392657
6,conafor_event_count,585620,0.019514360848331684,0.0,14.0,0.01392328899258405,0.005591071855747634,1.401562580416567
6,conafor_event_count_log1p,585620,0.011433722870370045,0.0,2.70805020110221,0.008727867263028223,0.0027058556073418227,1.3100248349105847
6,firms_count,691830,0.46578350172730293,0.0,145.0,0.7438360778399495,-0.2780525761126466,0.6261910595677306
6,firms_count_log1p,691830,0.1349635053075315,0.0,4.983606621708336,0.17240346954555935,-0.03743996423802784,0.7828352043220688
6,firms_day_count,691830,0.34656346212219763,0.0,139.0,0.5313821556879678,-0.18481869356577013,0.6521925104419628
6,firms_frp_sum,691830,6.09275226573002,0.0,15807.9,10.600440754222102,-4.507688488492082,0.5747640505705678
6,firms_frp_sum_log1p,691830,0.29779376129605656,0.0,9.668328351565396,0.37717385933299435,-0.0793800980369378,0.7895397677418156
6,firms_night_count,691830,0.1192200396051053,0.0,116.0,0.21245392215198175,-0.09323388254687645,0.5611571600914934
6,has_conafor,691830,0.01184684098694766,0.0,1.0,0.009467805954355755,0.0023790350325919047,1.251276277108046
6,has_firms,691830,0.10289232904037118,0.0,1.0,0.12706301946142182,-0.024170690421050633,0.8097739962146169
6,has_smn,691830,0.966056690227368,0.0,1.0,0.9571905559339374,0.008866134293430528,1.009262663780442
6,inegi_edafologia_area_total_km2,691830,976.8827918588034,11.020156674192194,9925.17994009239,1261.7126932802225,-284.8299014214191,0.7742513783538839
6,inegi_edafologia_dominante_area_km2,691830,301.7647537235195,4.212608703436045,2767.963130073855,415.37643351227257,-113.61167978875307,0.7264850130564849
6,inegi_edafologia_dominante_prop_area,691830,0.36250277026929695,0.1300168942241432,1.0000007569107612,0.4196340979664307,-0.05713132769713375,0.8638544199005866
6,inegi_edafologia_n_clases,691830,11.08453377274764,1.0,29.0,10.545516177239092,0.5390175955085486,1.0511134387780787
6,inegi_fisiografia_area_total_km2,691830,976.8496049211617,11.0200677818729,9925.59736654154,1261.5862102264923,-284.7366053053306,0.7743026968769642
6,inegi_fisiografia_dominante_area_km2,691830,918.9205611998262,11.0200677818729,8451.185110311935,1144.8725655343985,-225.95200433457228,0.8026400394797621
6,inegi_fisiografia_dominante_prop_area,691830,0.9657654515968986,0.3276075890747186,1.0000000000000056,0.9303654993060572,0.035399952290841474,1.0380495109902996
6,inegi_fisiografia_n_clases,691830,1.4677073847621525,1.0,4.0,1.5616220083858836,-0.09391462362373115,0.9398608478111788
6,inegi_hidrografia_longitud_km_por_km2,680693,0.3582481429803231,0.0006855845900188,0.8754455512950018,0.38939396635354107,-0.031145823373217973,0.9200146225559647
6,inegi_hidrografia_longitud_total_km,680693,315.1587210209411,1.3750173021860008,2664.043813853601,425.5942270541944,-110.43550603325332,0.740514558203369
6,inegi_hidrografia_n_segmentos_intersectados,680693,69.48821715516392,1.0,594.0,91.29765935408066,-21.80944219891674,0.7611171813908947
6,inegi_hidrografia_tipo_dominante_longitud_km,680693,308.87949394927534,0.7576560285186754,2551.285360638463,413.0553851451067,-104.17589119583135,0.7477919549233469
6,inegi_uso_suelo_vegetacion_area_total_km2,691830,976.8750363446744,11.020164281236532,9903.10375667146,1261.6599455087592,-284.78490916408475,0.7742776013633005
6,inegi_uso_suelo_vegetacion_dominante_area_km2,691830,352.95171223810183,3.725557188529173,3368.883607566443,465.54687844225043,-112.5951662041486,0.7581442999233521
6,inegi_uso_suelo_vegetacion_dominante_prop_area,691830,0.3896606661925748,0.1289470527190394,0.9175410228485882,0.3915012118726224,-0.0018405456800476006,0.9952987484476895
6,inegi_uso_suelo_vegetacion_n_clases,691830,17.21420724744518,3.0,36.0,15.86273590957181,1.3514713378733703,1.0851978716393982
6,municipio_area_km2,691830,976.8826833234991,11.020067781872909,9925.59738307206,1261.7127871161167,-284.8301037926176,0.7742512347491931
6,smn_amplitud_termica_c,637666,15.498121089805377,0.1999999999999993,54.0,15.13459847457258,0.36352261523279594,1.0240193101814723
6,smn_evap_mm_mean,421826,3.8578741761150925,0.0,23.6,4.6980447030264925,-0.8401705269113999,0.821165914753821
6,smn_precip_mm_mean,662725,2.814410042117216,0.0,259.7,2.676040863138576,0.13836917897863987,1.0517066764131375
6,smn_temp_media_c,637666,20.88967359865585,-3.9,39.5,20.92318031439924,-0.03350671574338904,0.9983985839991864
6,smn_tmax_c_mean,637666,28.638734143558537,0.5,53.0,28.490479551685524,0.1482545918730125,1.0052036537891214
6,smn_tmin_c_mean,637666,13.140613053753158,-20.0,36.0,13.355881077112953,-0.21526802335979411,0.9838821548262597
7,conafor_disponible,668685,0.8391125866439355,0.0,1.0,0.842441081273179,-0.0033284946292434503,0.9960489882280988
7,conafor_event_count,561102,0.031295557670441385,0.0,21.0,0.01392328899258405,0.017372268677857336,2.247712999932007
7,conafor_event_count_log1p,561102,0.0186911772460696,0.0,3.091042453358316,0.008727867263028223,0.009963309983041376,2.141551501962749
7,firms_count,668685,4.242172323291236,0.0,1873.0,0.7438360778399495,3.498336245451286,5.703101059053524
7,firms_count_log1p,668685,0.4473481176902344,0.0,7.535830462798367,0.17240346954555935,0.27494464814467506,2.5947744489679088
7,firms_day_count,668685,2.8173788854243775,0.0,1233.0,0.5313821556879678,2.28599672973641,5.301982490881322
7,firms_frp_sum,668685,64.29969492361876,0.0,70729.01,10.600440754222102,53.69925416939665,6.065756737332692
7,firms_frp_sum_log1p,668685,0.8709997314089953,0.0,11.166625231412748,0.37717385933299435,0.493825872076001,2.3092791556373964
7,firms_night_count,668685,1.424793437866858,0.0,968.0,0.21245392215198175,1.2123395157148764,6.706364483342478
7,has_conafor,668685,0.019074751190769942,0.0,1.0,0.009467805954355755,0.009606945236414187,2.014696042856098
7,has_firms,668685,0.23853832522039525,0.0,1.0,0.12706301946142182,0.11147530575897344,1.8773229711640762
7,has_smn,668685,0.9584602615581328,0.0,1.0,0.9571905559339374,0.001269705624195372,1.0013264920096883
7,inegi_edafologia_area_total_km2,668685,5643.873650905188,57.37585640567509,13682.36545629506,1261.7126932802225,4382.160957624965,4.4731844903867515
7,inegi_edafologia_dominante_area_km2,668685,1773.6430510102186,23.161339784882408,6246.342639785352,415.37643351227257,1358.266617497946,4.269965525036978
7,inegi_edafologia_dominante_prop_area,668685,0.32720642877095685,0.1195203866060718,0.8897270293268835,0.4196340979664307,-0.09242766919547385,0.7797422334281621
7,inegi_edafologia_n_clases,668685,18.572602944585267,3.0,33.0,10.545516177239092,8.027086767346175,1.761184813757285
7,inegi_fisiografia_area_total_km2,668685,5643.873334973488,57.3758286152318,13682.36411794461,1261.5862102264923,4382.287124746996,4.473632708747066
7,inegi_fisiografia_dominante_area_km2,668685,5124.3394307602275,57.3758286152318,13682.36411794461,1144.8725655343985,3979.4668652258288,4.475903768703123
7,inegi_fisiografia_dominante_prop_area,668685,0.9223222518791924,0.3276075890747186,1.0000000000000078,0.9303654993060572,-0.008043247426864797,0.9913547445247441
7,inegi_fisiografia_n_clases,668685,1.854873370869692,1.0,4.0,1.5616220083858836,0.29325136248380845,1.187786391911137
7,inegi_hidrografia_longitud_km_por_km2,633849,0.3029831928247475,0.0026163293128445,0.8058780166591916,0.38939396635354107,-0.08641077352879356,0.7780890794534322
7,inegi_hidrografia_longitud_total_km,633849,1690.38435309657,5.033724643008189,5362.720561505833,425.5942270541944,1264.7901260423757,3.971821621728247
7,inegi_hidrografia_n_segmentos_intersectados,633849,302.80170040498604,4.0,1535.0,91.29765935408066,211.50404105090536,3.3166425354961953
7,inegi_hidrografia_tipo_dominante_longitud_km,633849,1638.7587650080397,4.767209145209245,5053.011145332306,413.0553851451067,1225.7033798629332,3.967406851341116
7,inegi_uso_suelo_vegetacion_area_total_km2,668685,5643.354256782083,57.37591094106379,13682.363678722622,1261.6599455087592,4381.694311273324,4.472959831110771
7,inegi_uso_suelo_vegetacion_dominante_area_km2,668685,2111.338293024377,18.26503825211365,8216.621973613215,465.54687844225043,1645.7914145821264,4.535178713020372
7,inegi_uso_suelo_vegetacion_dominante_prop_area,668685,0.3680100941757111,0.1011983614898159,0.8494381095933016,0.3915012118726224,-0.023491117696911257,0.9399973308267708
7,inegi_uso_suelo_vegetacion_n_clases,668685,24.32721086909382,5.0,45.0,15.86273590957181,8.464474959522008,1.5336075067866708
7,municipio_area_km2,668685,5643.873538061841,57.3758286152318,13682.364117944651,1261.7127871161167,4382.160750945724,4.4731840682711805
7,smn_amplitud_termica_c,626199,15.417814907273517,0.1999999999999993,46.0,15.13459847457258,0.2832164327009359,1.0187131778340048
7,smn_evap_mm_mean,367669,5.188371006787356,0.0,20.74,4.6980447030264925,0.49032630376086317,1.1043681647909807
7,smn_precip_mm_mean,636291,1.8933837345116693,0.0,214.1,2.676040863138576,-0.7826571286269068,0.7075316975134032
7,smn_temp_media_c,626199,22.025108124343408,-15.0,47.0,20.92318031439924,1.1019278099441685,1.0526654071410848
7,smn_tmax_c_mean,626199,29.734015577980173,-9.0,55.0,28.490479551685524,1.2435360262946489,1.0436474234854036
7,smn_tmin_c_mean,626199,14.316200670706653,-22.0,39.0,13.355881077112953,0.9603195935937006,1.071902376791849
8,conafor_disponible,327007,0.8574220123728238,0.0,1.0,0.842441081273179,0.014980931099644823,1.0177827641987784
8,conafor_event_count,280383,0.007964106240392605,0.0,4.0,0.01392328899258405,-0.005959182752191445,0.5719989181173012
8,conafor_event_count_log1p,280383,0.005210017697069433,0.0,1.6094379124341005,0.008727867263028223,-0.0035178495659587894,0.596940528545775
8,firms_count,327007,0.7319843306106597,0.0,225.0,0.7438360778399495,-0.011851747229289833,0.9840667217114468
8,firms_count_log1p,327007,0.2012974012735556,0.0,5.420534999272286,0.17240346954555935,0.028893931727996258,1.16759483903751
8,firms_day_count,327007,0.4652622115122918,0.0,194.0,0.5313821556879678,-0.06611994417567596,0.8755698823004847
8,firms_frp_sum,327007,10.09634802924708,0.0,10131.98,10.600440754222102,-0.5040927249750222,0.9524460598702705
8,firms_frp_sum_log1p,327007,0.4452954051937631,0.0,9.223550729697234,0.37717385933299435,0.06812154586076874,1.1806104643127626
8,firms_night_count,327007,0.2667221190983679,0.0,72.0,0.21245392215198175,0.054268196946386155,1.255435138107569
8,has_conafor,327007,0.005969291177253086,0.0,1.0,0.009467805954355755,-0.003498514777102669,0.6304830502474394
8,has_firms,327007,0.14821089456800618,0.0,1.0,0.12706301946142182,0.021147875106584363,1.1664361133256806
8,has_smn,327007,0.9510408034078781,0.0,1.0,0.9571905559339374,-0.0061497525260593155,0.9935752055973234
8,inegi_edafologia_area_total_km2,327007,471.129240193145,8.903003788959126,6597.043818239138,1261.7126932802225,-790.5834530870775,0.37340453393418355
8,inegi_edafologia_dominante_area_km2,327007,209.1956750995105,7.342229471081654,2548.5852782253573,415.37643351227257,-206.18075841276206,0.503629137865689
8,inegi_edafologia_dominante_prop_area,327007,0.4620166533422483,0.127850618458563,0.9999999996341892,0.4196340979664307,0.04238255537581759,1.1009988358458136
8,inegi_edafologia_n_clases,327007,8.183613806432279,1.0,23.0,10.545516177239092,-2.3619023708068134,0.776027808301634
8,inegi_fisiografia_area_total_km2,327007,471.12922898736497,8.903003290238955,6597.038901121759,1261.5862102264923,-790.4569812391273,0.37344196153093906
8,inegi_fisiografia_dominante_area_km2,327007,448.27381126297524,8.903003290238955,6597.038901121759,1144.8725655343985,-696.5987542714233,0.3915490900541686
8,inegi_fisiografia_dominante_prop_area,327007,0.9593271052956833,0.5065571838453324,1.0000000000000038,0.9303654993060572,0.02896160598962616,1.031129277699171
8,inegi_fisiografia_n_clases,327007,1.4712039803429284,1.0,3.0,1.5616220083858836,-0.09041802804295518,0.9420999271543229
8,inegi_hidrografia_longitud_km_por_km2,326541,0.45053535113819754,0.1009737090604054,1.2076887154454774,0.38939396635354107,0.06114138478465647,1.1570167749572797
8,inegi_hidrografia_longitud_total_km,326541,184.32091198495903,2.7350535991478337,1616.04109921628,425.5942270541944,-241.27331506923537,0.43309072414059774
8,inegi_hidrografia_n_segmentos_intersectados,326541,47.38097206782609,2.0,368.0,91.29765935408066,-43.91668728625457,0.5189724731503573
8,inegi_hidrografia_tipo_dominante_longitud_km,326541,171.03010487042073,2.7350535991478337,1588.3191464878562,413.0553851451067,-242.02528027468597,0.414060949260685
8,inegi_uso_suelo_vegetacion_area_total_km2,327007,471.1287695756718,8.903003360483584,6597.04382836542,1261.6599455087592,-790.5311759330873,0.3734197723029806
8,inegi_uso_suelo_vegetacion_dominante_area_km2,327007,183.7741948674287,5.8021701487334205,2035.954216240605,465.54687844225043,-281.7726835748217,0.39474906476088695
8,inegi_uso_suelo_vegetacion_dominante_prop_area,327007,0.3814428735451088,0.1418750269382666,0.8837484093550534,0.3915012118726224,-0.010058338327513572,0.9743082830333968
8,inegi_uso_suelo_vegetacion_n_clases,327007,12.936282709544445,3.0,30.0,15.86273590957181,-2.9264532000273658,0.8155139682895748
8,municipio_area_km2,327007,471.12922861251235,8.903003290238956,6597.0389011217685,1261.7127871161167,-790.5835585036043,0.373404496984902
8,smn_amplitud_termica_c,295142,11.850115084662502,0.1999999999999993,38.0,15.13459847457258,-3.284483389910079,0.7829817952931958
8,smn_evap_mm_mean,190371,3.5594269311477267,0.0,23.7,4.6980447030264925,-1.1386177718787658,0.7576400728700463
8,smn_precip_mm_mean,308567,3.9902405441029734,0.0,285.2,2.676040863138576,1.3141996809643972,1.4910985101412269
8,smn_temp_media_c,295142,21.660265410203944,-14.0,37.0,20.92318031439924,0.737085095804705,1.0352281577049474
8,smn_tmax_c_mean,295142,27.585322952535197,-12.0,47.0,28.490479551685524,-0.9051565991503274,0.9682295063686712
8,smn_tmin_c_mean,295142,15.735207867872694,-16.0,32.0,13.355881077112953,2.379326790759741,1.1781482462311699
9,conafor_disponible,224258,0.8471760204764156,0.0,1.0,0.842441081273179,0.004734939203236643,1.0056204989387278
9,conafor_event_count,189986,0.0015580095375448716,0.0,3.0,0.01392328899258405,-0.012365279455039178,0.11189953310419061
9,conafor_event_count_log1p,189986,0.00106568191213048,0.0,1.3862943611198906,0.008727867263028223,-0.0076621853508977425,0.12210106776540627
9,firms_count,224258,0.385386474507041,0.0,147.0,0.7438360778399495,-0.35844960333290854,0.5181067253771525
9,firms_count_log1p,224258,0.08410130668592697,0.0,4.997212273764115,0.17240346954555935,-0.08830216285963238,0.4878167876064835
9,firms_day_count,224258,0.12430325785479225,0.0,94.0,0.5313821556879678,-0.4070788978331755,0.23392441113093043
9,firms_frp_sum,224258,2.471453905769248,0.0,8705.48,10.600440754222102,-8.128986848452854,0.23314633448471284
9,firms_frp_sum_log1p,224258,0.15953520721988734,0.0,9.071822854982472,0.37717385933299435,-0.217638652113107,0.4229752494035886
9,firms_night_count,224258,0.26108321665224876,0.0,57.0,0.21245392215198175,0.04862929450026701,1.2288933713611527
9,has_conafor,224258,0.0012797759723175985,0.0,1.0,0.009467805954355755,-0.008188029982038157,0.135171335205579
9,has_firms,224258,0.05448635054267852,0.0,1.0,0.12706301946142182,-0.07257666891874329,0.42881359795814844
9,has_smn,224258,0.9940782491594503,0.0,1.0,0.9571905559339374,0.036887693225512885,1.0385374604845754
9,inegi_edafologia_area_total_km2,224258,1521.0222627064686,28.52621398574107,6692.501499987642,1261.7126932802225,259.30956942624607,1.2055218837119634
9,inegi_edafologia_dominante_area_km2,224258,400.96824301264684,26.44343944727488,2265.126216717477,415.37643351227257,-14.408190499625732,0.9653129322292184
9,inegi_edafologia_dominante_prop_area,224258,0.312805239602124,0.1305620655095621,0.9269873472709832,0.4196340979664307,-0.10682885836430672,0.745423789720604
9,inegi_edafologia_n_clases,224258,14.081936876276432,2.0,25.0,10.545516177239092,3.5364206990373397,1.335348278794562
9,inegi_fisiografia_area_total_km2,224258,1521.0227994722586,28.52621400402434,6692.509144215419,1261.5862102264923,259.4365892457663,1.2056431713843716
9,inegi_fisiografia_dominante_area_km2,224258,1243.3980785305662,28.52621400402434,6596.058687670122,1144.8725655343985,98.52551299616766,1.0860580609250414
9,inegi_fisiografia_dominante_prop_area,224258,0.858176080791686,0.4574642365171797,1.000000000000002,0.9303654993060572,-0.07218941851437122,0.9224074639824714
9,inegi_fisiografia_n_clases,224258,1.9281898527588759,1.0,5.0,1.5616220083858836,0.3665678443729923,1.2347353216108183
9,inegi_hidrografia_longitud_km_por_km2,224258,0.35689192467613357,0.0851320789706793,0.7803105270879818,0.38939396635354107,-0.0325020416774075,0.9165317275412068
9,inegi_hidrografia_longitud_total_km,224258,525.2886961924639,11.604586451410183,2038.7097851935728,425.5942270541944,99.69446913826954,1.2342477007461254
9,inegi_hidrografia_n_segmentos_intersectados,224258,117.95704055150763,4.0,356.0,91.29765935408066,26.659381197426967,1.2920050895722706
9,inegi_hidrografia_tipo_dominante_longitud_km,224258,521.7362061205407,11.604586451410183,2034.1157624932405,413.0553851451067,108.68082097543402,1.2631144027749557
9,inegi_uso_suelo_vegetacion_area_total_km2,224258,1521.0213677147606,28.526213757704035,6692.503407849351,1261.6599455087592,259.3614222060014,1.205571575073991
9,inegi_uso_suelo_vegetacion_dominante_area_km2,224258,625.2946309898767,15.681476062626812,2955.089012593434,465.54687844225043,159.7477525476263,1.343139992866352
9,inegi_uso_suelo_vegetacion_dominante_prop_area,224258,0.38262167995949864,0.1402966521220401,0.6094673941634418,0.3915012118726224,-0.00887953191312374,0.9773192734943238
9,inegi_uso_suelo_vegetacion_n_clases,224258,18.093035699952733,7.0,39.0,15.86273590957181,2.230299790380922,1.1405999446183257
9,municipio_area_km2,224258,1521.022559060953,28.52621400402432,6692.502747700362,1261.7127871161167,259.30977194483626,1.2055220289377726
9,smn_amplitud_termica_c,220073,16.273460847190748,0.1999999999999993,42.0,15.13459847457258,1.138862372618167,1.075248932076497
9,smn_evap_mm_mean,129749,5.025215937438182,0.01,22.25,4.6980447030264925,0.32717123441168994,1.0696398725624994
9,smn_precip_mm_mean,222563,1.0641144198229158,0.0,153.3,2.676040863138576,-1.6119264433156604,0.39764505635197084
9,smn_temp_media_c,220073,20.475170735716915,-4.75,40.0,20.92318031439924,-0.44800957868232416,0.9785878832973587
9,smn_tmax_c_mean,220073,28.61190115931228,-2.5,51.0,28.490479551685524,0.12142160762675402,1.0042618309532656
9,smn_tmin_c_mean,220073,12.338440312121543,-12.25,36.0,13.355881077112953,-1.0174407649914095,0.9238207678612138
10,conafor_disponible,108145,0.8360164593832354,0.0,1.0,0.842441081273179,-0.006424621889943527,0.9923738027112424
10,conafor_event_count,90411,0.04982800765393591,0.0,13.0,0.01392328899258405,0.035904718661351864,3.5787526697517924
10,conafor_event_count_log1p,90411,0.026981374260655333,0.0,2.6390573296152584,0.008727867263028223,0.01825350699762711,3.091405202156325
10,firms_count,108145,2.585722872069906,0.0,361.0,0.7438360778399495,1.8418867942299566,3.4761998632530346
10,firms_count_log1p,108145,0.43866340867635034,0.0,5.891644211825772,0.17240346954555935,0.266259939130791,2.5444001204420608
10,firms_day_count,108145,1.937768736418697,0.0,361.0,0.5313821556879678,1.4063865807307292,3.6466575244889703
10,firms_frp_sum,108145,54.17665689583429,0.0,34127.1,10.600440754222102,43.57621614161219,5.1107928577645225
10,firms_frp_sum_log1p,108145,0.8901989274100882,0.0,10.437876370852177,0.37717385933299435,0.5130250680770938,2.3601819303817684
10,firms_night_count,108145,0.6479541356512091,0.0,171.0,0.21245392215198175,0.4355002134992273,3.0498572541658535
10,has_conafor,108145,0.025216144990521983,0.0,1.0,0.009467805954355755,0.01574833903616623,2.663356759959899
10,has_firms,108145,0.2852836469554764,0.0,1.0,0.12706301946142182,0.1582206274940546,2.245213817243598
10,has_smn,108145,0.9746174118082205,0.0,1.0,0.9571905559339374,0.017426855874283054,1.0182062555530331
10,inegi_edafologia_area_total_km2,108145,17947.165362685184,5647.397213372828,34097.03664767411,1261.7126932802225,16685.45266940496,14.22444702210757
10,inegi_edafologia_dominante_area_km2,108145,4359.865989027776,1336.2074523250676,10790.413331004424,415.37643351227257,3944.4895555155035,10.49618042160536
10,inegi_edafologia_dominante_prop_area,108145,0.24720060154831863,0.1067568955228083,0.6742901505068333,0.4196340979664307,-0.17243349641811206,0.5890860698553001
10,inegi_edafologia_n_clases,108145,25.005696056220813,12.0,36.0,10.545516177239092,14.460179878981721,2.3712159401160315
10,inegi_fisiografia_area_total_km2,108145,17947.166098143727,5647.39708416388,34097.244945074046,1261.5862102264923,16685.579887917236,14.225873707767997
10,inegi_fisiografia_dominante_area_km2,108145,17036.339714754387,5647.39708416388,34025.88811931998,1144.8725655343985,15891.467149219989,14.880555467587994
10,inegi_fisiografia_dominante_prop_area,108145,0.9568794995779941,0.5270442233374307,1.0000000000000075,0.9303654993060572,0.026514000271936955,1.0284984775249224
10,inegi_fisiografia_n_clases,108145,2.0477229645383512,1.0,3.0,1.5616220083858836,0.4861009561524676,1.3112795244573359
10,inegi_hidrografia_longitud_km_por_km2,108145,0.30557979452988987,0.0026163293128445,0.5580549373716721,0.38939396635354107,-0.0838141718236512,0.7847573946547644
10,inegi_hidrografia_longitud_total_km,108145,5394.675491855308,33.664347410879344,10690.836659649323,425.5942270541944,4969.081264801113,12.67563126782817
10,inegi_hidrografia_n_segmentos_intersectados,108145,868.6725137546812,4.0,1740.0,91.29765935408066,777.3748544006005,9.514729292080748
10,inegi_hidrografia_tipo_dominante_longitud_km,108145,5319.812389452849,28.418168447393427,10570.84217302439,413.0553851451067,4906.757004307742,12.879174514536336
10,inegi_uso_suelo_vegetacion_area_total_km2,108145,17946.13454111251,5647.397344528982,34097.050369204306,1261.6599455087592,16684.47459560375,14.224224685103882
10,inegi_uso_suelo_vegetacion_dominante_area_km2,108145,7460.8924717262835,954.7475021561014,14501.916827991528,465.54687844225043,6995.345593284033,16.02608204933283
10,inegi_uso_suelo_vegetacion_dominante_prop_area,108145,0.4281518393125791,0.1667817514701436,0.7289166147103483,0.3915012118726224,0.03665062743995673,1.0936156168320657
10,inegi_uso_suelo_vegetacion_n_clases,108145,30.049766517176014,19.0,40.0,15.86273590957181,14.187030607604203,1.8943621509227508
10,municipio_area_km2,108145,17947.162548835895,5647.397084163892,34097.24494177487,1261.7127871161167,16685.449761719778,14.224443734027243
10,smn_amplitud_termica_c,104786,15.150587395447168,1.0,35.0,15.13459847457258,0.015988920874587365,1.0010564483029696
10,smn_evap_mm_mean,96052,5.030480407366095,0.01,24.91,4.6980447030264925,0.3324357043396029,1.0707604387258058
10,smn_precip_mm_mean,105381,1.5351785130313331,0.0,159.15,2.676040863138576,-1.140862350107243,0.5736752880637291
10,smn_temp_media_c,104786,21.69400034245528,-14.0,37.535714285714285,20.92318031439924,0.7708200280560398,1.0368404810584921
10,smn_tmax_c_mean,104786,29.26929404017886,-9.0,48.422222222222224,28.490479551685524,0.7788144884933352,1.0273359557560435
10,smn_tmin_c_mean,104786,14.118706644731699,-19.0,31.0,13.355881077112953,0.7628255676187461,1.0571153309328238
11,conafor_disponible,72137,0.826579979760733,0.0,1.0,0.842441081273179,-0.015861101512445908,0.9811724500798619
11,conafor_event_count,59627,0.007714625924497291,0.0,3.0,0.01392328899258405,-0.006208663068086759,0.5540807153113266
11,conafor_event_count_log1p,59627,0.005224778509913696,0.0,1.3862943611198906,0.008727867263028223,-0.003503088753114527,0.5986317564711571
11,firms_count,72137,0.6948999819787349,0.0,182.0,0.7438360778399495,-0.04893609586121461,0.9342111826528746
11,firms_count_log1p,72137,0.17066725150323744,0.0,5.209486152841421,0.17240346954555935,-0.0017362180423219076,0.9899293323568347
11,firms_day_count,72137,0.5573422792741589,0.0,109.0,0.5313821556879678,0.025960123586191153,1.048853961895994
11,firms_frp_sum,72137,14.220911737388578,0.0,4976.46,10.600440754222102,3.6204709831664754,1.3415396649167122
11,firms_frp_sum_log1p,72137,0.3970534049544404,0.0,8.512674999743329,0.37717385933299435,0.01987954562144606,1.0527065837929532
11,firms_night_count,72137,0.137557702704576,0.0,99.0,0.21245392215198175,-0.07489621944740574,0.6474707612419237
11,has_conafor,72137,0.006030192550286261,0.0,1.0,0.009467805954355755,-0.003437613404069494,0.636915519747425
11,has_firms,72137,0.12118607649333907,0.0,1.0,0.12706301946142182,-0.005876942968082749,0.9537478096066568
11,has_smn,72137,0.9610324798647019,0.0,1.0,0.9571905559339374,0.003841923930764435,1.0040137503519515
11,inegi_edafologia_area_total_km2,72137,442.31393979962894,27.564803494407936,2055.4971094595367,1261.7126932802225,-819.3987534805935,0.3505662914824876
11,inegi_edafologia_dominante_area_km2,72137,160.47275903341713,13.9772951906998,844.7425729349784,415.37643351227257,-254.90367447885544,0.3863309183829175
11,inegi_edafologia_dominante_prop_area,72137,0.4051360713747272,0.2492962850139669,0.979148212803993,0.4196340979664307,-0.014498026591703517,0.965450789957342
11,inegi_edafologia_n_clases,72137,9.156604793656514,3.0,17.0,10.545516177239092,-1.3889113835825775,0.8682936557832671
11,inegi_fisiografia_area_total_km2,72137,442.3139705932966,27.564803255326154,2055.497111010125,1261.5862102264923,-819.2722396331958,0.35060146267284265
11,inegi_fisiografia_dominante_area_km2,72137,427.75102054419904,14.476693217740594,2055.497111010125,1144.8725655343985,-717.1215449901995,0.3736232602835891
11,inegi_fisiografia_dominante_prop_area,72137,0.9080359452805177,0.5251876124779291,1.0000000000000018,0.9303654993060572,-0.02232955402553949,0.9759991594247694
11,inegi_fisiografia_n_clases,72137,1.6068730332561654,1.0,3.0,1.5616220083858836,0.045251024870281764,1.0289769384827343
11,inegi_hidrografia_longitud_km_por_km2,72137,0.4099153552619834,0.1856795478147754,0.7343230666898981,0.38939396635354107,0.02052138890844235,1.0527008394624442
11,inegi_hidrografia_longitud_total_km,72137,209.0406701642171,5.118220206757568,932.3224516438172,425.5942270541944,-216.5535568899773,0.49117365057115364
11,inegi_hidrografia_n_segmentos_intersectados,72137,62.97348101529035,3.0,246.0,91.29765935408066,-28.32417833879031,0.6897600821403279
11,inegi_hidrografia_tipo_dominante_longitud_km,72137,207.3672039381499,5.118220206757568,932.3224516438172,413.0553851451067,-205.68818120695678,0.5020324426113018
11,inegi_uso_suelo_vegetacion_area_total_km2,72137,442.3139050386018,27.564803770271705,2055.4970939022305,1261.6599455087592,-819.3460404701574,0.35058092048744605
11,inegi_uso_suelo_vegetacion_dominante_area_km2,72137,154.7522193636669,12.7280401337844,473.0101242090631,465.54687844225043,-310.79465907858355,0.3324095306609674
11,inegi_uso_suelo_vegetacion_dominante_prop_area,72137,0.4483636171194818,0.1725212281457326,0.8103174210685214,0.3915012118726224,0.05686240524685943,1.1452419648329466
11,inegi_uso_suelo_vegetacion_n_clases,72137,11.89973245352593,6.0,23.0,15.86273590957181,-3.9630034560458807,0.7501689822841628
11,municipio_area_km2,72137,442.3139707799517,27.564803269896192,2055.497111010124,1261.7127871161167,-819.398816336165,0.3505662899644094
11,smn_amplitud_termica_c,68081,15.81249800482758,0.1999999999999993,37.5,15.13459847457258,0.677899530254999,1.0447913786014165
11,smn_evap_mm_mean,44252,4.975109900870771,0.01,21.3,4.6980447030264925,0.2770651978442782,1.0589745767352516
11,smn_precip_mm_mean,69084,2.4718012419663005,0.0,337.1,2.676040863138576,-0.20423962117227568,0.9236784370576708
11,smn_temp_media_c,68081,20.67026206528497,0.0,39.5,20.92318031439924,-0.25291824911426986,0.9879120551792878
11,smn_tmax_c_mean,68081,28.576511067698775,2.0,49.0,28.490479551685524,0.0860315160132501,1.0030196584040356
11,smn_tmin_c_mean,68081,12.76401306287119,-11.0,36.0,13.355881077112953,-0.5918680142417632,0.9556848394482932
